,index,country_name,country_code,tree_cover,tree_cover_%_2000,tree_cover_loss_2014,cover_gain,forest_type_nat,forest_type_pri,forest_type_pla,loss_outside_plant,loss_outside_plant_%,certified_forest,total_economy,percentage_economy,employment,reforestation_rate_10,carbon,GHG_emissions,index,CBD,UNFCCC,KYOTO,UNCCD,ITTA,CITES,RAMSAR,WORLD HERITAGE,NLBI,ILO 169,Country,Agricultural land (% of land area) 2013,Population change 2015 %,GDP per capita (current US$) 2015,GDP growth (annual %) 2015,Food production index 2013
0,0,Afghanistan,AFG,205KHa,0.0,2.0,303.0,,,,,,0 ha ,USD 34.8 million,0.2% of the GDP.,"1 thousand people are directly employed by the forestry sector, according to 2011 FAO data.",,38 million metric tons of carbon stocks,,0,Ratification,Non-Annex I Party,Accession,Accession,Non Member,Accession,Non Party,Ratification,Member State,Not Ratified,Afghanistan,58.1,2.8,590.3,1.5,119.8
1,2,Albania,ALB,675.8KHa,,,,0.77,0.11,0.12,,,0 ha ,USD 82.9 million,0.7% of the GDP.,"3 thousand people are directly employed by the forestry sector, according to 2011 FAO data.",,50 million metric tons of carbon stocks,,2,Accession,Non-Annex I Party,Accession,Accession,Consuming Member,Accession,Contracting Party,Ratification,Member State,Not Ratified,Albania,43.3,-0.2,"3,965.00",2.6,127.9
2,3,Algeria,DZA,1MHa,1.0,6758.0,32539.0,0.72,,0.28,,,0 ha ,USD 229.0 million,0.1% of the GDP.,"13 thousand people are directly employed by the forestry sector, according to 2011 FAO data.",46 kha/year,65 million metric tons of carbon stocks,0.92% of GHG emissions,3,Ratification,Non-Annex I Party,Accession,Ratification,Non Member,Accession,Contracting Party,Ratification,Member State,Not Ratified,Algeria,17.4,1.9,"4,206.00",3.9,157.5
3,4,American Samoa,ASM,,,,,,,,,,,,,,,,,4,,,,,,,,,,,American Samoa,24.5,0.2,,,109.0
4,5,Andorra,AND,19KHa,42.0,0.0,17.0,,,,,,0 ha ,,,,,,,5,,,,,,,,,,,Andorra,44.3,-3.2,,,
5,6,Angola,AGO,55MHa,44.0,175407.0,63797.0,1.0,,,,,0 ha ,USD 50.8 million,0.05% of the GDP.,"2 thousand people are directly employed by the forestry sector, according to 2011 FAO data.",,"4,338 million metric tons of carbon stocks",24.9% of GHG emissions,6,Ratification,Non-Annex I Party,Accession,Ratification,Non Member,Non Party,Non Party,Ratification,Member State,Not Ratified,Angola,47.5,3.2,"4,102.10",3.0,213.4
6,9,Antigua and Barbuda,ATG,19KHa,46.0,22.0,248.0,,,,,,0 ha ,,,,,,,9,,,,,,,,,,,Antigua and Barbuda,20.5,1.0,"14,128.90",3.7,88.9
7,10,Argentina,ARG,39MHa,14.0,204998.0,643048.0,0.89,0.06,0.05,,,"276,368 ha ",USD 2.1 billion,0.5% of the GDP.,"70 thousand people are directly employed by the forestry sector, according to 2011 FAO data.",114 kha/year,"3,013 million metric tons of carbon stocks",16.6% of GHG emissions,10,Ratification,Non-Annex I Party,Ratification,Ratification,Non Member,Ratification,Contracting Party,Acceptance,Member State,Ratification,Argentina,54.5,1.0,"13,431.90",2.4,118.4
8,11,Armenia,ARM,337KHa,12.0,38.0,1278.0,0.88,0.05,0.07,,,0 ha ,USD 17.0 million,0.2% of the GDP.,"5 thousand people are directly employed by the forestry sector, according to 2011 FAO data.",6.8 kha/year,16 million metric tons of carbon stocks,8.4% of GHG emissions,11,Acceptance,Non-Annex I Party,Accession,Ratification,Non Member,Accession,Contracting Party,Succession,Member State,Not Ratified,Armenia,59.1,0.4,"3,499.80",3.0,129.2
9,12,Aruba,ABW,24Ha,0.0,0.0,1.0,,,,,,0 ha ,,,,,,,12,,,,,,,,,,,Aruba,11.1,0.4,,,
10,13,Australia,AUS,42MHa,6.0,215880.0,1414572.0,0.94,0.04,0.02,,,"11,136,920 ha ",USD 7.7 billion,0.9% of the GDP.,"67 thousand people are directly employed by the forestry sector, according to 2011 FAO data.",,,5.4% of GHG emissions,13,Ratification,Annex I/II Party,Ratification,Ratification,Consuming Member,Ratification,Contracting Party,Ratification,Member State,Not Ratified,Australia,51.6,1.3,"56,327.70",2.3,119.5
11,14,Austria,AUT,4MHa,52.0,7018.0,65824.0,0.53,0.03,0.44,,,"2,782,575 ha ",USD 7.1 billion,1.9% of the GDP.,"65 thousand people are directly employed by the forestry sector, according to 2011 FAO data.",75.7 kha/year,391 million metric tons of carbon stocks,5.6% of GHG emissions,14,Ratification,Annex I/II Party,Ratification,Accession,Consuming Member,Accession,Contracting Party,Ratification,Member State,Not Ratified,Austria,38.2,0.8,"43,438.90",0.9,102.0
12,15,Azerbaijan,AZE,1MHa,15.0,323.0,865.0,0.55,0.43,0.02,,,0 ha ,USD 16.2 million,0.03% of the GDP.,"4 thousand people are directly employed by the forestry sector, according to 2011 FAO data.",10.7 kha/year,54 million metric tons of carbon stocks,,15,Approval,Non-Annex I Party,Accession,Accession,Non Member,Accession,Contracting Party,Ratification,Member State,Not Ratified,Azerbaijan,57.7,1.2,"5,496.30",1.1,139.8
13,16,Bahamas,BHS,304KHa,26.0,486.0,787.0,1.0,,,,,0 ha ,USD 3.3 million,0.04% of the GDP.,"According to FAO data, 1.2% of GHG emissions in this country came from land-use change and forestry in 2011.",,,,16,Ratification,Non-Annex I Party,Accession,Accession,Non Member,Accession,Contracting Party,Non Party,Member State,Not Ratified,Bahamas,1.4,1.3,"22,896.90",1.2,133.8
14,17,Bahrain,BHR,,,,,,,,,,,,,,,,,17,,,,,,,,,,,Bahrain,11.2,1.1,"23,395.70",2.9,206.8
15,18,Bangladesh,BGD,2MHa,15.0,8929.0,7022.0,0.52,0.29,0.19,,,0 ha ,USD 1.5 billion,1.3% of the GDP.,"44 thousand people are directly employed by the forestry sector, according to 2011 FAO data.",8.14 kha/year,99 million metric tons of carbon stocks,16.5% of GHG emissions,18,Ratification,Non-Annex I Party,Accession,Ratification,Non Member,Ratification,Contracting Party,Acceptance,Member State,Not Ratified,Bangladesh,70.0,1.2,"1,211.70",6.6,135.4
16,19,Barbados,BRB,5KHa,12.0,1.0,196.0,1.0,,,,,0 ha ,,,,,,,19,,,,,,,,,,,Barbados,32.6,0.3,"15,660.70",1.0,97.2
17,20,Belarus,BLR,9MHa,44.0,27331.0,375557.0,0.73,0.05,0.22,,,"13,157,274 ha ",USD 575.0 million,1.1% of the GDP.,"113 thousand people are directly employed by the forestry sector, according to 2011 FAO data.",2.49 kha/year,646 million metric tons of carbon stocks,,0,Ratification,Annex I Party,Accession,Accession,Non Member,Accession,Contracting Party,Ratification,Member State,Not Ratified,Belarus,43.0,0.3,"5,740.50",-3.9,125.9
18,21,Belgium,BEL,864KHa,28.0,3467.0,37357.0,0.42,,0.58,,,"310,155 ha ",USD 2.7 billion,0.6% of the GDP.,"28 thousand people are directly employed by the forestry sector, according to 2011 FAO data.",2.227 kha/year,72 million metric tons of carbon stocks,,1,Ratification,Annex I/II Party,Ratification,Accession,Consuming Member,Ratification,Contracting Party,Ratification,Member State,Not Ratified,Belgium,44.1,0.5,"40,231.30",1.4,101.8
19,22,Belize,BLZ,2MHa,81.0,14497.0,12796.0,0.56,0.44,,,,"65,044 ha ",USD 15.1 million,1.1% of the GDP.,"2 thousand people are directly employed by the forestry sector, according to 2011 FAO data.",,169 million metric tons of carbon stocks,34.2% of GHG emissions,2,Ratification,Non-Annex I Party,Accession,Accession,Non Member,Succession,Contracting Party,Ratification,Member State,Not Ratified,Belize,7.0,2.1,"4,906.90",1.9,102.2
20,23,Benin,BEN,169KHa,1.0,1174.0,6899.0,0.99,,0.01,,,0 ha ,USD 145.4 million,2.2% of the GDP.,"2 thousand people are directly employed by the forestry sector, according to 2011 FAO data.",14.6 kha/year,248 million metric tons of carbon stocks,49.3% of GHG emissions,3,Ratification,Non-Annex I Party,Accession,Ratification,Producing Member,Accession,Contracting Party,Ratification,Member State,Not Ratified,Benin,33.3,2.6,779.1,5.2,151.6
21,24,Bermuda,BMU,604Ha,11.0,0.0,38.0,,,,,,0 ha ,,,,,,,4,,,,,,,,,,,Bermuda,6.0,0.1,,,119.8
22,25,Bhutan,BTN,3MHa,65.0,982.0,2159.0,0.84,0.15,0.01,,,0 ha ,USD 66.9 million,3.8% of the GDP.,"3 thousand people are directly employed by the forestry sector, according to 2011 FAO data.",0.264 kha/year,293 million metric tons of carbon stocks,,5,Ratification,Non-Annex I Party,Accession,Accession,Non Member,Accession,Non Party,Ratification,Member State,-,Bhutan,13.6,1.3,"2,532.50",3.3,97.1
23,26,Bolivia,BOL,65MHa,60.0,220469.0,173608.0,0.34,0.66,,,,"890,628 ha ",USD 431.0 million,2.2% of the GDP.,"9 thousand people are directly employed by the forestry sector, according to 2011 FAO data.",3 kha/year,"4,442 million metric tons of carbon stocks",66.3% of GHG emissions,6,Ratification,Non-Annex I Party,Ratification,Ratification,Non Member,Ratification,Contracting Party,Ratification,Member State,Ratification,Bolivia,34.8,1.5,"3,095.40",4.0,135.5
24,27,Bosnia and Herzegovina,BIH,3MHa,52.0,1310.0,26485.0,0.54,,0.46,,,"1,519,235 ha ",USD 254.3 million,1.7% of the GDP.,"13 thousand people are directly employed by the forestry sector, according to 2011 FAO data.",,118 million metric tons of carbon stocks,0.86% of GHG emissions,7,Accession,Non-Annex I Party,Accession,Accession,Non Member,Accession,Contracting Party,Succession,Member State,Not Ratified,Bosnia and Herzegovina,42.1,-0.2,"4,197.80",3.2,117.0
25,28,Botswana,BWA,20KHa,0.0,15.0,90.0,1.0,,,,,0 ha ,USD 97.4 million,0.7% of the GDP.,"2 thousand people are directly employed by the forestry sector, according to 2011 FAO data.",,636 million metric tons of carbon stocks,44.3% of GHG emissions,8,Ratification,Non-Annex I Party,Accession,Ratification,Non Member,Accession,Contracting Party,Acceptance,Member State,Not Ratified,Botswana,45.7,1.9,"6,360.60",-0.3,130.0
26,30,Brazil,BRA,519MHa,62.0,2262241.0,7586752.0,0.57,0.41,0.02,"1,823,443 ha",0.94,"7,282,391 ha ",USD 22.5 billion,1.1% of the GDP.,"772 thousand people are directly employed by the forestry sector, according to 2011 FAO data.",519 kha/year,"59,222 million metric tons of carbon stocks",44.5% of GHG emissions,10,Ratification,Non-Annex I Party,Ratification,Ratification,Non Member,Ratification,Contracting Party,Acceptance,Member State,Ratification,Brazil,33.4,0.9,"8,538.60",-3.8,136.7
27,31,British Virgin Islands,VGB,,,,,,,,,,,,,,,,,11,,,,,,,,,,,British Virgin Islands,46.7,1.8,,,103.9
28,33,Brunei Darussalam,BRN,528KHa,92.0,1772.0,8770.0,0.3,0.69,0.01,,,0 ha ,USD 10.2 million,0.06% of the GDP.,"2 thousand people are directly employed by the forestry sector, according to 2011 FAO data.",0.4 kha/year,72 million metric tons of carbon stocks,9.2% of GHG emissions,13,Accession,Non-Annex I Party,Accession,Accession,Non Member,Accession,Non Party,Ratification,Member State,Not Ratified,Brunei Darussalam,2.7,1.4,"36,607.90",-0.5,167.2
29,34,Bulgaria,BGR,4MHa,37.0,4767.0,67807.0,0.71,0.09,0.2,,,"637,129 ha ",USD 482.1 million,1.0% of the GDP.,"50 thousand people are directly employed by the forestry sector, according to 2011 FAO data.",22.4 kha/year,213 million metric tons of carbon stocks,,14,Ratification,Annex I/II Party,Ratification,Accession,Consuming Member,Accession,Contracting Party,Acceptance,Member State,Not Ratified,Bulgaria,46.0,-0.6,"6,819.90",3.0,120.4
30,35,Burkina Faso,BFA,132Ha,0.0,0.0,0.0,0.96,,0.04,,,0 ha ,USD 308.5 million,3.5% of the GDP.,"17 thousand people are directly employed by the forestry sector, according to 2011 FAO data.",14.013 kha/year,247 million metric tons of carbon stocks,36.1% of GHG emissions,15,Ratification,Non-Annex I Party,Accession,Ratification,Non Member,Accession,Contracting Party,Ratification,Member State,Not Ratified,Burkina Faso,45.0,2.9,613,4.0,123.9
31,36,Burundi,BDI,538KHa,22.0,1556.0,3565.0,0.42,0.14,0.44,,,0 ha ,USD 70.6 million,3.2% of the GDP.,"2 thousand people are directly employed by the forestry sector, according to 2011 FAO data.",5.4 kha/year,27 million metric tons of carbon stocks,57.5% of GHG emissions,16,Ratification,Non-Annex I Party,Accession,Ratification,Non Member,Accession,Contracting Party,Ratification,Member State,Not Ratified,Burundi,79.2,3.3,276,-2.5,144.8
32,37,Cambodia,KHM,9MHa,50.0,123778.0,109563.0,0.96,0.03,0.01,"118,339 ha",0.62,"12,746 ha ",USD 390.3 million,3.2% of the GDP.,"7 thousand people are directly employed by the forestry sector, according to 2011 FAO data.",5.855 kha/year,433 million metric tons of carbon stocks,47.4% of GHG emissions,17,Accession,Non-Annex I Party,Accession,Ratification,Producing Member,Ratification,Contracting Party,Acceptance,Member State,Not Ratified,Cambodia,32.9,1.6,"1,158.70",7.0,180.9
33,38,Cameroon,CMR,31MHa,68.0,140853.0,65088.0,,,,,,"1,013,374 ha ",USD 695.3 million,2.8% of the GDP.,"22 thousand people are directly employed by the forestry sector, according to 2011 FAO data.",,"2,548 million metric tons of carbon stocks",57.6% of GHG emissions,18,Ratification,Non-Annex I Party,Accession,Ratification,Producing Member,Accession,Contracting Party,Ratification,Member State,Not Ratified,Cameroon,20.6,2.5,"1,250.80",6.2,160.2
34,39,Canada,CAN,418MHa,49.0,2075558.0,9107233.0,0.36,0.59,0.05,,,"171,963,239 ha ",USD 19.8 billion,1.2% of the GDP.,"234 thousand people are directly employed by the forestry sector, according to 2011 FAO data.",401 kha/year,"13,908 million metric tons of carbon stocks",16.6% of GHG emissions,19,Ratification,Annex I/II Party,Withdrawn,Ratification,Withdrawn,Ratification,Contracting Party,Acceptance,Member State,Not Ratified,Canada,7.2,0.9,"43,248.50",1.1,115.4
35,41,Cayman Islands,CYM,13KHa,51.0,7.0,43.0,,,,,,0 ha ,,,,,,,1,,,,,,,,,,,Cayman Islands,11.3,1.3,,,112.6
36,42,Central African Republic,CAF,47MHa,76.0,48983.0,39464.0,0.91,0.09,,,,0 ha ,USD 72.3 million,3.5% of the GDP.,"6 thousand people are directly employed by the forestry sector, according to 2011 FAO data.",0.35 kha/year,"2,843 million metric tons of carbon stocks",23.2% of GHG emissions,2,Ratification,Non-Annex I Party,Accession,Ratification,Non Member,Accession,Contracting Party,Ratification,Member State,Ratification,Central African Republic,8.2,2.0,306.8,5.5,121.5
37,43,Chad,TCD,410KHa,0.0,2179.0,75.0,1.0,,,,,0 ha ,USD 73.3 million,0.8% of the GDP.,"1 thousand people are directly employed by the forestry sector, according to 2011 FAO data.",0.3 kha/year,268 million metric tons of carbon stocks,35.3% of GHG emissions,3,Ratification,Non-Annex I Party,Accession,Ratification,Non Member,Accession,Contracting Party,Ratification,Member State,Not Ratified,Chad,39.7,3.3,775.7,1.8,120.1
38,44,Chile,CHL,19MHa,26.0,108247.0,1460991.0,0.53,0.3,0.17,,,"4,252,913 ha ",USD 7.6 billion,3.3% of the GDP.,"85 thousand people are directly employed by the forestry sector, according to 2011 FAO data.",75.1 kha/year,"1,492 million metric tons of carbon stocks",,4,Ratification,Non-Annex I Party,Ratification,Ratification,Non Member,Ratification,Contracting Party,Ratification,Member State,Ratification,Chile,21.2,1.0,"13,383.90",2.1,117.4
39,45,China,CHN,163MHa,18.0,383591.0,2238877.0,0.57,0.06,0.37,,,"3,144,452 ha ",USD 126.0 billion,1.6% of the GDP.,"3.84 million people are directly employed by the forestry sector, according to 2011 FAO data.",290.1 kha/year,"6,787 million metric tons of carbon stocks",,5,Ratification,Non-Annex I Party,Approval,Ratification,Consuming Member,Accession,Contracting Party,Ratification,Member State,Not Ratified,China,54.8,0.5,"7,924.70",6.9,129.5
40,46,"Hong Kong, Special Administrative Region of China",HKG,62KHa,58.0,17.0,263.0,,,,,,0 ha ,,,,,,,6,,,,,,,,,,,"Hong Kong, Special Administrative Region of China",4.9,0.9,"42,422.90",2.4,59.7
41,50,Colombia,COL,82MHa,73.0,165506.0,551734.0,,,1.0,"136,466 ha",0.98,"127,204 ha ",USD 1.8 billion,0.6% of the GDP.,"48 thousand people are directly employed by the forestry sector, according to 2011 FAO data.",,"8,867 million metric tons of carbon stocks",22.8% of GHG emissions,10,Ratification,Non-Annex I Party,Accession,Ratification,Producing Member,Ratification,Contracting Party,Acceptance,Member State,Ratification,Colombia,40.4,0.9,"6,056.10",3.1,116.6
42,51,Comoros,COM,135KHa,82.0,1152.0,429.0,0.7,0.22,0.08,,,0 ha ,,,,0.11 kha/year,This country has 1 million metric tons of carbon stocks in living forest biomass.,34.4% of GHG emissions,11,,,,,,,,,,,Comoros,71.5,2.4,,,112.9
43,52,Congo (Brazzaville),COG,26MHa,78.0,58905.0,46645.0,0.67,0.33,,,,"1,319,300 ha ",USD 149.1 million,0.9% of the GDP.,"9 thousand people are directly employed by the forestry sector, according to 2011 FAO data.",,"3,427 million metric tons of carbon stocks",56.7% of GHG emissions,12,Ratification,Non-Annex I Party,Accession,Ratification,Producing Member,Accession,Contracting Party,Ratification,Member State,Not Ratified,Congo (Brazzaville),31.1,2.5,"1,851.20",2.6,136.0
44,53,"Congo, Democratic Republic of the",COD,199MHa,87.0,1100879.0,1392572.0,0.33,0.67,,,,0 ha ,USD 85.1 million,0.6% of the GDP.,"16 thousand people are directly employed by the forestry sector, according to 2011 FAO data.",,"19,441 million metric tons of carbon stocks",82.0% of GHG emissions,13,Ratification,Non-Annex I Party,Accession,Ratification,Producing Member,Accession,Contracting Party,Ratification,Member State,Not Ratified,"Congo, Democratic Republic of the",11.6,3.1,456.1,6.9,117.1
45,55,Costa Rica,CRI,4MHa,77.0,9024.0,38151.0,0.34,0.66,,,,"52,740 ha ",USD 391.3 million,1.0% of the GDP.,"15 thousand people are directly employed by the forestry sector, according to 2011 FAO data.",4130.96 kha/year,253 million metric tons of carbon stocks,,15,Ratification,Non-Annex I Party,Ratification,Ratification,Non Member,Ratification,Contracting Party,Ratification,Member State,Ratification,Costa Rica,35.6,1.1,"10,629.80",2.8,123.5
46,57,Croatia,HRV,2MHa,43.0,3228.0,26469.0,0.96,,0.04,,,"2,038,296 ha ",USD 781.7 million,1.5% of the GDP.,"26 thousand people are directly employed by the forestry sector, according to 2011 FAO data.",7.51 kha/year,256 million metric tons of carbon stocks,,17,Ratification,Annex I Party,Ratification,Accession,Non Member,Accession,Contracting Party,Succession,Member State,Not Ratified,Croatia,23.3,-0.3,"11,535.80",1.6,98.2
47,58,Cuba,CUB,4MHa,37.0,4017.0,227170.0,0.83,,0.17,,,0 ha ,USD 103.9 million,0.2% of the GDP.,"25 thousand people are directly employed by the forestry sector, according to 2011 FAO data.",0.004 kha/year,312 million metric tons of carbon stocks,,18,Ratification,Non-Annex I Party,Ratification,Ratification,Non Member,Accession,Contracting Party,Ratification,Member State,Not Ratified,Cuba,59.6,0.1,,,103.2
48,59,Cyprus,CYP,102KHa,11.0,54.0,201.0,0.75,0.08,0.17,,,0 ha ,USD 110.8 million,0.5% of the GDP.,"4 thousand people are directly employed by the forestry sector, according to 2011 FAO data.",0.229 kha/year,4 million metric tons of carbon stocks,,19,Ratification,Annex I/II Party,Accession,Accession,Consuming Member,Ratification,Contracting Party,Acceptance,Member State,Not Ratified,Cyprus,11.8,1.0,"22,957.40",1.6,81.4
49,60,Czech Republic,CZE,3MHa,39.0,11125.0,133107.0,,1.0,,,,"1,894,637 ha ",USD 3.5 billion,1.8% of the GDP.,"109 thousand people are directly employed by the forestry sector, according to 2011 FAO data.",25.624 kha/year,366 million metric tons of carbon stocks,,0,Approval,Annex I Party,Approval,Accession,Consuming Member,Succession,Contracting Party,Succession,Member State,Not Ratified,Czech Republic,54.6,0.2,"17,231.30",4.2,92.3
50,61,Denmark,DNK,663KHa,16.0,3815.0,32196.0,0.19,0.06,0.75,,,"452,557 ha ",USD 1.5 billion,0.5% of the GDP.,"19 thousand people are directly employed by the forestry sector, according to 2011 FAO data.",3 kha/year,41 million metric tons of carbon stocks,2.3% of GHG emissions,1,Ratification,Annex I/II Party,Ratification,Ratification,Consuming Member,Ratification,Contracting Party,Ratification,Member State,Ratification,Denmark,61.5,0.6,"52,002.20",1.2,102.6
51,62,Djibouti,DJI,,,,,,,,,,,,,,,,,2,,,,,,,,,,,Djibouti,73.4,1.3,,,134.4
52,63,Dominica,DMA,71KHa,95.0,12.0,13.0,0.39,0.61,,,,0 ha ,,,,,,24.8% of GHG emissions,3,,,,,,,,,,,Dominica,33.3,0.5,"7,399.30",2.8,110.0
53,64,Dominican Republic,DOM,3MHa,54.0,10158.0,39307.0,0.94,,0.06,,,0 ha ,USD 20.8 million,0.04% of the GDP.,"11 thousand people are directly employed by the forestry sector, according to 2011 FAO data.",9 kha/year,142 million metric tons of carbon stocks,,4,Ratification,Non-Annex I Party,Accession,Ratification,Non Member,Accession,Contracting Party,Ratification,Member State,Not Ratified,Dominican Republic,48.7,1.2,"6,373.60",7.0,135.5
54,65,Ecuador,ECU,19MHa,75.0,24641.0,102684.0,,0.99,0.01,,,"52,580 ha ",USD 1.7 billion,2.3% of the GDP.,"26 thousand people are directly employed by the forestry sector, according to 2011 FAO data.",,"1,490 million metric tons of carbon stocks",60.2% of GHG emissions,5,Ratification,Non-Annex I Party,Ratification,Ratification,Producing Member,Ratification,Contracting Party,Acceptance,Member State,Ratification,Ecuador,30.3,1.5,"6,248.10",0.3,115.5
55,66,Egypt,EGY,154KHa,0.0,104.0,4973.0,,,1.0,,,0 ha ,USD 442.6 million,0.2% of the GDP.,"39 thousand people are directly employed by the forestry sector, according to 2011 FAO data.",,7 million metric tons of carbon stocks,,6,Ratification,Non-Annex I Party,Ratification,Ratification,Non Member,Accession,Contracting Party,Ratification,Member State,Not Ratified,Egypt,3.8,2.1,"3,614.70",4.2,118.7
56,67,El Salvador,SLV,989KHa,49.0,1818.0,8598.0,0.92,0.02,0.06,,,0 ha ,USD 344.8 million,1.6% of the GDP.,"19 thousand people are directly employed by the forestry sector, according to 2011 FAO data.",,,10.4% of GHG emissions,7,Ratification,Non-Annex I Party,Ratification,Accession,Non Member,Accession,Contracting Party,Acceptance,Member State,Not Ratified,El Salvador,76.4,0.3,"4,219.40",2.5,112.5
57,68,Equatorial Guinea,GNQ,3MHa,99.0,15181.0,5567.0,1.0,,,,,0 ha ,USD 36.3 million,0.3% of the GDP.,"1 thousand people are directly employed by the forestry sector, according to 2011 FAO data.",0 kha/year,195 million metric tons of carbon stocks,20.2% of GHG emissions,8,Accession,Non-Annex I Party,Accession,Ratification,Non Member,Accession,Contracting Party,Ratification,Member State,Not Ratified,Equatorial Guinea,10.1,2.9,"11,120.90",-12.2,118.2
58,69,Eritrea,ERI,4Ha,4.0,0.0,5.0,0.97,,0.03,,,0 ha ,USD 0.6 million,0.02% of the GDP.,,,,"According to FAO data, 7.2% of GHG emissions in this country came from land-use change and forestry in 2011.",9,Accession,Non-Annex I Party,Accession,Ratification,Non Member,Accession,Non Party,Acceptance,Member State,Not Ratified,Eritrea,75.2,,,,110.7
59,70,Estonia,EST,3MHa,61.0,19637.0,89431.0,0.9,0.03,0.07,,,"3,013,048 ha ",USD 846.6 million,4.3% of the GDP.,"21 thousand people are directly employed by the forestry sector, according to 2011 FAO data.",23.77 kha/year,165 million metric tons of carbon stocks,31.4% of GHG emissions,10,Ratification,Annex I/II Party,Ratification,Accession,Consuming Member,Accession,Contracting Party,Ratification,Member State,Not Ratified,Estonia,22.8,-0.2,"17,295.40",1.1,133.8
60,71,Ethiopia,ETH,12MHa,11.0,28219.0,62537.0,0.92,,0.08,,,0 ha ,USD 893.7 million,3.2% of the GDP.,"9 thousand people are directly employed by the forestry sector, according to 2011 FAO data.",,219 million metric tons of carbon stocks,18.0% of GHG emissions,11,Ratification,Non-Annex I Party,Accession,Ratification,Non Member,Accession,Non Party,Ratification,Member State,Not Ratified,Ethiopia,36.3,2.5,619.1,9.6,147.5
61,73,Faroe Islands,FRO,,,,,,,,,,,,,,,,,13,,,,,,,,,,,Faroe Islands,2.1,0.0,,,103.6
62,74,Fiji,FJI,2MHa,87.0,3140.0,11895.0,0.44,0.4,0.16,,,"85,680 ha ",USD 61.8 million,2.0% of the GDP.,"4 thousand people are directly employed by the forestry sector, according to 2011 FAO data.",3.956 kha/year,,,14,Ratification,Non-Annex I Party,Ratification,Accession,Producing Member,Accession,Contracting Party,Ratification,Member State,Ratification,Fiji,23.3,0.6,"4,916.30",3.4,85.8
63,75,Finland,FIN,22MHa,71.0,157812.0,1084872.0,0.68,0.01,0.31,,,"21,081,786 ha ",USD 9.6 billion,4.3% of the GDP.,"75 thousand people are directly employed by the forestry sector, according to 2011 FAO data.",140 kha/year,780 million metric tons of carbon stocks,8.2% of GHG emissions,15,Acceptance,Annex I/II Party,Ratification,Ratification,Consuming Member,Accession,Contracting Party,Ratification,Member State,Not Ratified,Finland,7.4,0.4,"41,920.80",0.5,96.2
64,76,France,FRA,17MHa,31.0,35710.0,506164.0,0.88,,0.12,,,"7,944,974 ha ",USD 14.6 billion,0.6% of the GDP.,"161 thousand people are directly employed by the forestry sector, according to 2011 FAO data.",,"1,364 million metric tons of carbon stocks",,16,Ratification,Annex I/II Party,Approval,Ratification,Consuming Member,Approval,Contracting Party,Acceptance,Member State,Not Ratified,France,52.5,0.5,"36,248.20",1.2,98.6
65,78,French Polynesia,PYF,0Ha,0.0,0.0,0.0,0.68,0.26,0.06,,,0 ha ,,,,0 kha/year,This country has 21 million metric tons of carbon stocks in living forest biomass.,,18,????,Non Party,Non Party,Non Party,Non Member,Non Party,Non Party,Non Party,Non Member State,Not Ratified,French Polynesia,12.4,1.1,,,104.6
66,80,Gabon,GAB,25MHa,94.0,41704.0,39070.0,0.44,0.56,,,,"2,053,505 ha ",USD 422.2 million,1.8% of the GDP.,"21 thousand people are directly employed by the forestry sector, according to 2011 FAO data.",,"2,992 million metric tons of carbon stocks",6.4% of GHG emissions,0,Ratification,Non-Annex I Party,Accession,Accession,Producing Member,Accession,Contracting Party,Ratification,Member State,Not Ratified,Gabon,20.0,2.2,"8,311.50",3.9,120.9
67,81,Gambia,GMB,5KHa,0.0,11.0,25.0,1.0,,,,,0 ha ,USD 4.8 million,0.6% of the GDP.,"2 thousand people are directly employed by the forestry sector, according to 2011 FAO data.",,32 million metric tons of carbon stocks,,1,Ratification,Non-Annex I Party,Accession,Ratification,Non Member,Accession,Contracting Party,Ratification,Member State,Not Ratified,Gambia,59.8,3.2,,,97.4
68,82,Georgia,GEO,3MHa,45.0,104.0,4788.0,0.8,0.18,0.02,,,0 ha ,USD 61.4 million,0.5% of the GDP.,"11 thousand people are directly employed by the forestry sector, according to 2011 FAO data.",0 kha/year,212 million metric tons of carbon stocks,,2,Accession,Non-Annex I Party,Accession,Ratification,Non Member,Accession,Contracting Party,Succession,Member State,Not Ratified,Georgia,36.7,-1.3,"3,796.00",2.8,86.9
69,83,Germany,DEU,13MHa,35.0,15981.0,258493.0,0.54,,0.46,,,"8,323,961 ha ",USD 26.1 billion,0.8% of the GDP.,"317 thousand people are directly employed by the forestry sector, according to 2011 FAO data.",48 kha/year,"1,189 million metric tons of carbon stocks",,3,Ratification,Annex I/II Party,Ratification,Ratification,Consuming Member,Ratification,Contracting Party,Ratification,Member State,Not Ratified,Germany,47.9,0.5,"41,219.00",1.7,107.4
70,84,Ghana,GHA,7MHa,30.0,93511.0,134527.0,0.92,0.04,0.04,,,"1,675 ha ",USD 1.3 billion,3.5% of the GDP.,"37 thousand people are directly employed by the forestry sector, according to 2011 FAO data.",20 kha/year,713 million metric tons of carbon stocks,53.5% of GHG emissions,4,Ratification,Non-Annex I Party,Accession,Ratification,Producing Member,Ratification,Contracting Party,Ratification,Member State,Not Ratified,Ghana,69.0,2.3,"1,381.40",3.9,143.7
71,85,Gibraltar,GIB,,,,,,,,,,,,,,,,,5,,,,,,,,,,,Gibraltar,,0.7,,,
72,86,Greece,GRC,4MHa,28.0,2688.0,35571.0,0.97,,0.03,,,0 ha ,USD 1.0 billion,0.4% of the GDP.,"33 thousand people are directly employed by the forestry sector, according to 2011 FAO data.",,82 million metric tons of carbon stocks,,6,Ratification,Annex I/II Party,Ratification,Ratification,Consuming Member,Accession,Contracting Party,Ratification,Member State,Not Ratified,Greece,63.1,-0.6,"18,035.60",-0.2,87.8
73,87,Greenland,GRL,,,,,,,,,,,,,,,,,7,,,,,,,,,,,Greenland,0.6,-0.3,,,98.6
74,88,Grenada,GRD,29KHa,81.0,80.0,72.0,0.85,0.14,0.01,,,0 ha ,,,,,,,8,,,,,,,,,,,Grenada,32.4,0.4,"9,156.50",3.4,96.3
75,90,Guam,GUM,,,,,,,,,,,,,,,,,10,,,,,,,,,,,Guam,33.3,1.4,,,96.5
76,91,Guatemala,GTM,8MHa,71.0,48654.0,109466.0,0.57,0.38,0.05,,,"464,875 ha ",USD 462.4 million,1.0% of the GDP.,"15 thousand people are directly employed by the forestry sector, according to 2011 FAO data.",10 kha/year,271 million metric tons of carbon stocks,40.9% of GHG emissions,11,Ratification,Non-Annex I Party,Ratification,Accession,Producing Member,Ratification,Contracting Party,Ratification,Member State,Ratification,Guatemala,34.7,2.0,"3,903.50",4.1,151.3
77,93,Guinea,GIN,8MHa,33.0,86406.0,29669.0,0.97,0.01,0.02,,,0 ha ,USD 220.1 million,4.3% of the GDP.,"10 thousand people are directly employed by the forestry sector, according to 2011 FAO data.",,602 million metric tons of carbon stocks,47.4% of GHG emissions,13,Ratification,Non-Annex I Party,Accession,Ratification,Non Member,Accession,Contracting Party,Ratification,Member State,Not Ratified,Guinea,59.0,2.7,531.3,0.1,123.5
78,94,Guinea-Bissau,GNB,1MHa,32.0,10315.0,6529.0,1.0,,,,,0 ha ,USD 20.9 million,2.4% of the GDP.,"1 thousand people are directly employed by the forestry sector, according to 2011 FAO data.",,94 million metric tons of carbon stocks,49.6% of GHG emissions,14,Ratification,Non-Annex I Party,Accession,Ratification,Non Member,Accession,Contracting Party,Ratification,Member State,Not Ratified,Guinea-Bissau,58.0,2.4,573,4.8,140.7
79,95,Guyana,GUY,19MHa,91.0,8083.0,11390.0,0.61,0.39,,,,0 ha ,USD 95.7 million,4.1% of the GDP.,"9 thousand people are directly employed by the forestry sector, according to 2011 FAO data.",0.027 kha/year,"4,809 million metric tons of carbon stocks",52.9% of GHG emissions,15,Ratification,Non-Annex I Party,Accession,Accession,Producing Member,Accession,Non Party,Acceptance,Member State,Not Ratified,Guyana,8.5,0.4,"4,127.40",3.0,129.9
80,96,Haiti,HTI,858KHa,32.0,2998.0,4806.0,0.67,,0.33,,,0 ha ,USD 7.5 million,0.1% of the GDP.,"1 thousand people are directly employed by the forestry sector, according to 2011 FAO data.",0.8 kha/year,5 million metric tons of carbon stocks,2.0% of GHG emissions,16,Ratification,Non-Annex I Party,Accession,Ratification,Non Member,Non Party,Non Party,Ratification,Member State,Not Ratified,Haiti,66.8,1.3,828.8,1.7,121.0
81,99,Honduras,HND,8MHa,69.0,44608.0,58291.0,0.9,0.1,,,,"87,755 ha ",USD 146.0 million,0.8% of the GDP.,"13 thousand people are directly employed by the forestry sector, according to 2011 FAO data.",,292 million metric tons of carbon stocks,58.5% of GHG emissions,19,Ratification,Non-Annex I Party,Ratification,Ratification,Producing Member,Accession,Contracting Party,Ratification,Member State,Ratification,Honduras,28.9,1.4,"2,495.60",3.6,118.6
82,100,Hungary,HUN,2MHa,22.0,11098.0,134948.0,0.2,,0.8,,,"320,963 ha ",USD 1.0 billion,0.9% of the GDP.,"56 thousand people are directly employed by the forestry sector, according to 2011 FAO data.",14.2 kha/year,122 million metric tons of carbon stocks,5.4% of GHG emissions,0,Ratification,Annex I/II Party,Accession,Accession,Consuming Member,Accession,Contracting Party,Acceptance,Member State,Not Ratified,Hungary,59.0,-0.2,"12,259.10",2.9,88.8
83,101,Iceland,ISL,13KHa,23.0,36.0,291.0,,,,,,,,,,,,,1,,,,,,,,,,,Iceland,18.7,1.0,"50,173.30",4.0,114.2
84,102,India,IND,39MHa,12.0,112653.0,255029.0,0.61,0.22,0.17,,,"452,734 ha ",USD 31.0 billion,1.7% of the GDP.,"707 thousand people are directly employed by the forestry sector, according to 2011 FAO data.",,"2,923 million metric tons of carbon stocks",,2,Ratification,Non-Annex I Party,Accession,Ratification,Producing Member,Ratification,Contracting Party,Ratification,Member State,Not Ratified,India,60.6,1.2,"1,581.60",7.6,138.8
85,103,Indonesia,IDN,161MHa,86.0,1490457.0,6970546.0,0.44,0.51,0.05,"537,294 ha",0.47,"1,930,169 ha ",USD 14.0 billion,1.7% of the GDP.,"445 thousand people are directly employed by the forestry sector, according to 2011 FAO data.",866.74 kha/year,"12,477 million metric tons of carbon stocks",61.6% of GHG emissions,3,Ratification,Non-Annex I Party,Ratification,Ratification,Producing Member,Accession,Contracting Party,Acceptance,Member State,Not Ratified,Indonesia,31.5,1.2,"3,346.50",4.8,137.5
86,104,"Iran, Islamic Republic of",IRN,2MHa,1.0,77.0,1136.0,0.89,0.02,0.09,,,0 ha ,USD 1.2 billion,0.2% of the GDP.,"35 thousand people are directly employed by the forestry sector, according to 2011 FAO data.",37.777 kha/year,163 million metric tons of carbon stocks,,4,Ratification,Non-Annex I Party,Accession,Ratification,Non Member,Ratification,Contracting Party,Acceptance,Member State,Not Ratified,"Iran, Islamic Republic of",28.3,1.2,,,113.3
87,105,Iraq,IRQ,18KHa,0.0,1.0,292.0,0.98,,0.02,,,0 ha ,USD 21.9 million,0.01% of the GDP.,"5 thousand people are directly employed by the forestry sector, according to 2011 FAO data.",,,,5,Accession,Non-Annex I Party,Accession,Accession,Non Member,Non Party,Contracting Party,Acceptance,Member State,Not Ratified,Iraq,21.3,3.2,"4,629.10",2.1,126.1
88,106,Ireland,IRL,842KHa,12.0,4248.0,123819.0,0.09,,0.91,,,"823,219 ha ",USD 743.8 million,0.4% of the GDP.,"10 thousand people are directly employed by the forestry sector, according to 2011 FAO data.",6.6 kha/year,23 million metric tons of carbon stocks,,6,Ratification,Annex I/II Party,Ratification,Ratification,Consuming Member,Ratification,Contracting Party,Ratification,Member State,Not Ratified,Ireland,65.0,0.5,"51,289.70",7.8,99.2
89,107,Isle of Man,IMN,13KHa,23.0,36.0,291.0,,,,,,0 ha ,,,,0 kha/year,,,7,,,,,,,,,,,Isle of Man,68.1,0.7,,,
90,108,Israel,ISR,30KHa,1.0,112.0,1890.0,0.46,,0.54,,,0 ha ,USD 741.1 million,0.3% of the GDP.,"13 thousand people are directly employed by the forestry sector, according to 2011 FAO data.",0.4284 kha/year,4 million metric tons of carbon stocks,,8,Ratification,Non-Annex I Party,Ratification,Ratification,Non Member,Ratification,Contracting Party,Acceptance,Member State,Not Ratified,Israel,24.0,2.0,"35,329.50",2.5,110.2
91,109,Italy,ITA,9MHa,31.0,14386.0,89811.0,0.92,0.01,0.07,,,"788,079 ha ",USD 15.0 billion,0.8% of the GDP.,"258 thousand people are directly employed by the forestry sector, according to 2011 FAO data.",5.7 kha/year,641 million metric tons of carbon stocks,,9,Ratification,Annex I Party,Ratification,Ratification,Consuming Member,Ratification,Contracting Party,Ratification,Member State,Not Ratified,Italy,46.3,0.0,"29,847.00",0.8,94.8
92,110,Jamaica,JAM,745.5KHa,,,,0.72,0.26,0.02,,,0 ha ,USD 64.1 million,0.5% of the GDP.,"2 thousand people are directly employed by the forestry sector, according to 2011 FAO data.",0.06 kha/year,47 million metric tons of carbon stocks,7.9% of GHG emissions,10,Ratification,Non-Annex I Party,Accession,Accession,Non Member,Accession,Contracting Party,Acceptance,Member State,Not Ratified,Jamaica,41.0,0.2,"5,137.90",0.9,106.1
93,111,Japan,JPN,26MHa,72.0,22316.0,257182.0,0.39,0.2,0.41,,,"421,688 ha ",USD 39.0 billion,0.7% of the GDP.,"375 thousand people are directly employed by the forestry sector, according to 2011 FAO data.",24 kha/year,,,11,Acceptance,Annex I/II Party,Acceptance,Ratification,Consuming Member,Acceptance,Contracting Party,Acceptance,Member State,Not Ratified,Japan,12.4,-0.1,"32,477.20",0.5,97.9
94,113,Jordan,JOR,2KHa,0.0,0.0,8.0,0.52,,0.48,,,0 ha ,USD 129.4 million,0.5% of the GDP.,"8 thousand people are directly employed by the forestry sector, according to 2011 FAO data.",,2 million metric tons of carbon stocks,,13,Ratification,Non-Annex I Party,Accession,Ratification,Non Member,Accession,Contracting Party,Ratification,Member State,Not Ratified,Jordan,11.9,2.4,"4,940.00",2.4,136.7
95,114,Kazakhstan,KAZ,4MHa,2.0,488.0,23877.0,0.73,,0.27,,,0 ha ,USD 173.2 million,0.1% of the GDP.,"11 thousand people are directly employed by the forestry sector, according to 2011 FAO data.",,137 million metric tons of carbon stocks,0.18% of GHG emissions,14,Ratification,Non-Annex I Party,Ratification,Ratification,Non Member,Accession,Contracting Party,Acceptance,Member State,Not Ratified,Kazakhstan,80.4,1.5,"10,508.40",1.2,125.5
96,115,Kenya,KEN,3MHa,6.0,12617.0,100418.0,0.95,,0.05,,,0 ha ,USD 365.1 million,1.2% of the GDP.,"18 thousand people are directly employed by the forestry sector, according to 2011 FAO data.",5.4 kha/year,634 million metric tons of carbon stocks,14.5% of GHG emissions,15,Ratification,Non-Annex I Party,Accession,Ratification,Non Member,Ratification,Contracting Party,Acceptance,Member State,Not Ratified,Kenya,48.5,2.6,"1,376.70",5.6,122.9
97,116,Kiribati,KIR,,,,,,,,,,,,,,,,,16,,,,,,,,,,,Kiribati,42.0,1.8,"1,291.90",3.1,120.8
98,117,"Korea, Democratic People's Republic of",PRK,5MHa,43.0,8424.0,13683.0,0.72,0.14,0.14,,,0 ha ,USD 456.0 million,2.9% of the GDP.,"14 thousand people are directly employed by the forestry sector, according to 2011 FAO data.",,152 million metric tons of carbon stocks,16.5% of GHG emissions,17,Approval,Non-Annex I Party,Accession,Accession,Non Member,Non Party,Non Party,Acceptance,Member State,Not Ratified,"Korea, Democratic People's Republic of",21.8,0.5,,,102.5
99,118,"Korea, Republic of",KOR,5MHa,54.0,9853.0,27177.0,0.14,0.56,0.3,,,"381,192 ha ",USD 8.2 billion,0.8% of the GDP.,"101 thousand people are directly employed by the forestry sector, according to 2011 FAO data.",21 kha/year,419 million metric tons of carbon stocks,,18,Ratification,Non-Annex I Party,Ratification,Ratification,Consuming Member,Accession,Contracting Party,Acceptance,Member State,Not Ratified,"Korea, Republic of",18.1,0.4,"27,221.50",2.6,104.0
100,119,Kuwait,KWT,,,,,,,,,,,,,,,,,19,,,,,,,,,,,Kuwait,8.6,3.6,"28,984.60",-0.4,170.2
101,121,Lao PDR,LAO,19MHa,84.0,191031.0,337964.0,0.93,0.06,0.01,,,"154,633 ha ",USD 164.2 million,2.1% of the GDP.,"8 thousand people are directly employed by the forestry sector, according to 2011 FAO data.",,"1,064 million metric tons of carbon stocks",70.0% of GHG emissions,1,Accession,Non-Annex I Party,Accession,Ratification,Non Member,Accession,Contracting Party,Ratification,Member State,Not Ratified,Lao PDR,10.1,1.7,"1,812.30",7.0,152.9
102,122,Latvia,LVA,4MHa,56.0,26996.0,185696.0,0.81,,0.19,,,"3,434,153 ha ",USD 1.7 billion,6.5% of the GDP.,"41 thousand people are directly employed by the forestry sector, according to 2011 FAO data.",35.546 kha/year,285 million metric tons of carbon stocks,,2,Ratification,Annex I/II Party,Ratification,Accession,Consuming Member,Accession,Contracting Party,Acceptance,Member State,Not Ratified,Latvia,30.0,-0.8,"13,664.90",1.9,120.7
103,123,Lebanon,LBN,65KHa,6.0,100.0,1772.0,0.92,,0.08,,,0 ha ,USD 155.2 million,0.4% of the GDP.,"6 thousand people are directly employed by the forestry sector, according to 2011 FAO data.",,2 million metric tons of carbon stocks,,3,Ratification,Non-Annex I Party,Accession,Ratification,Non Member,Accession,Contracting Party,Ratification,Member State,Not Ratified,Lebanon,64.3,4.2,"8,050.80",1.5,96.1
104,124,Lesotho,LSO,6KHa,0.0,16.0,205.0,0.65,,0.35,,,0 ha ,USD 18.5 million,0.8% of the GDP.,,,This country has 3 million metric tons of carbon stocks in living forest biomass.,,4,Ratification,Non-Annex I Party,Accession,Ratification,Non Member,Ratification,Contracting Party,Acceptance,Member State,Not Ratified,Lesotho,74.2,1.2,,,111.7
105,125,Liberia,LBR,9MHa,98.0,111882.0,108378.0,0.96,0.04,,"141,920 ha",0.91,0 ha ,USD 159.7 million,15.2% of the GDP.,"3 thousand people are directly employed by the forestry sector, according to 2011 FAO data.",30 kha/year,583 million metric tons of carbon stocks,89.8% of GHG emissions,5,Ratification,Non-Annex I Party,Accession,Accession,Producing Member,Accession,Contracting Party,Acceptance,Member State,Not Ratified,Liberia,28.0,2.4,455.9,0.3,120.3
106,126,Libya,LBY,7KHa,0.0,3.0,410.0,,,1.0,,,0 ha ,USD 45.9 million,0.1% of the GDP.,"2 thousand people are directly employed by the forestry sector, according to 2011 FAO data.",,6 million metric tons of carbon stocks,,6,Ratification,Non-Annex I Party,Accession,Ratification,Non Member,Accession,Contracting Party,Ratification,Member State,Not Ratified,Libya,8.7,0.3,"4,643.30",-10.2,110.2
107,127,Liechtenstein,LIE,9.2KHa,,,,0.74,0.22,0.04,,,0 ha ,,,,0 kha/year,This country has 1 million metric tons of carbon stocks in living forest biomass.,,7,,,,,,,,,,,Liechtenstein,35.0,0.7,,,99.7
108,128,Lithuania,LTU,2MHa,37.0,12710.0,122553.0,0.73,0.01,0.26,,,"1,066,947 ha ",USD 915.8 million,2.4% of the GDP.,"29 thousand people are directly employed by the forestry sector, according to 2011 FAO data.",15.8 kha/year,167 million metric tons of carbon stocks,19.4% of GHG emissions,8,Ratification,Annex I/II Party,Ratification,Accession,Consuming Member,Accession,Contracting Party,Acceptance,Member State,Not Ratified,Lithuania,46.1,-0.8,"14,172.20",1.6,117.1
109,129,Luxembourg,LUX,100KHa,39.0,330.0,2700.0,0.67,,0.33,,,"51,535 ha ",USD 139.2 million,0.3% of the GDP.,"1 thousand people are directly employed by the forestry sector, according to 2011 FAO data.",,9 million metric tons of carbon stocks,0.03% of GHG emissions,9,Ratification,Annex I/II Party,Ratification,Ratification,Consuming Member,Ratification,Contracting Party,Ratification,Member State,Not Ratified,Luxembourg,50.5,2.4,"101,450.00",4.8,89.6
110,130,"Macedonia, Republic of",MKD,790.9KHa,,,,0.89,,0.11,,,0 ha ,USD 60.9 million,0.7% of the GDP.,"7 thousand people are directly employed by the forestry sector, according to 2011 FAO data.",,60 million metric tons of carbon stocks,0.42% of GHG emissions,10,Accession,Non-Annex I Party,Accession,Accession,Non Member,Accession,Contracting Party,Succession,Member State,Not Ratified,"Macedonia, Republic of",50.0,0.1,"4,852.70",3.7,117.9
111,131,Madagascar,MDG,17MHa,29.0,318464.0,405045.0,0.74,0.24,0.02,,,"1,000 ha ",USD 401.5 million,4.3% of the GDP.,"45 thousand people are directly employed by the forestry sector, according to 2011 FAO data.",28 kha/year,"1,606 million metric tons of carbon stocks",53.0% of GHG emissions,11,Ratification,Non-Annex I Party,Accession,Ratification,Non Member,Ratification,Contracting Party,Ratification,Member State,Not Ratified,Madagascar,71.2,2.8,411.8,3.0,120.7
112,132,Malawi,MWI,2MHa,16.0,15899.0,10299.0,0.6,0.27,0.13,,,0 ha ,USD 52.5 million,0.8% of the GDP.,"3 thousand people are directly employed by the forestry sector, according to 2011 FAO data.",3 kha/year,140 million metric tons of carbon stocks,37.6% of GHG emissions,12,Ratification,Non-Annex I Party,Accession,Ratification,Non Member,Accession,Contracting Party,Ratification,Member State,Not Ratified,Malawi,61.4,3.1,381.4,3.0,196.4
113,133,Malaysia,MYS,29MHa,90.0,493384.0,2579982.0,0.68,0.23,0.09,"88,815 ha",0.27,"5,118,451 ha ",USD 5.7 billion,2.0% of the GDP.,"210 thousand people are directly employed by the forestry sector, according to 2011 FAO data.",134.242 kha/year,"2,787 million metric tons of carbon stocks",33.5% of GHG emissions,13,Ratification,Non-Annex I Party,Ratification,Ratification,Producing Member,Accession,Contracting Party,Ratification,Member State,Not Ratified,Malaysia,23.9,1.4,"9,766.20",5.0,128.1
114,134,Maldives,MDV,6KHa,26.0,3.0,5.0,,,,,,0 ha ,,,,0 kha/year,,"According to FAO data, 0.17% of GHG emissions in this country came from land-use change and forestry in 2011.",14,,,,,,,,,,,Maldives,26.3,2.0,"7,681.10",1.5,63.5
115,135,Mali,MLI,25KHa,0.0,214.0,5.0,0.97,,0.03,,,0 ha ,USD 423.1 million,4.4% of the GDP.,"1 thousand people are directly employed by the forestry sector, according to 2011 FAO data.",67 kha/year,106 million metric tons of carbon stocks,20.3% of GHG emissions,15,Ratification,Non-Annex I Party,Ratification,Ratification,Producing Member,Accession,Contracting Party,Acceptance,Member State,Not Ratified,Mali,33.8,3.0,744.3,7.6,150.7
116,136,Malta,MLT,124Ha,0.0,0.0,15.0,,,1.0,,,0 ha ,,,,0 kha/year,,,16,,,,,,,,,,,Malta,32.0,0.9,,,91.6
117,137,Marshall Islands,MHL,,,,,,,,,,,,,,,,,17,,,,,,,,,,,Marshall Islands,63.9,0.2,,,102.9
118,139,Mauritania,MRT,33Ha,3.0,0.0,0.0,0.88,,0.12,,,0 ha ,USD 2.2 million,0.05% of the GDP.,,"
                    In 2010, the rate of reforestation was 0.25 kha/year
                  ",9 million metric tons of carbon stocks,4.7% of GHG emissions,19,Ratification,Non-Annex I Party,Accession,Ratification,Non Member,Accession,Contracting Party,Ratification,Member State,Not Ratified,Mauritania,38.5,2.4,,,119.9
119,140,Mauritius,MUS,71KHa,38.0,531.0,3010.0,0.53,,0.47,,,0 ha ,,,,0.061 kha/year,This country has 3 million metric tons of carbon stocks in living forest biomass.,,0,,,,,,,,,,,Mauritius,42.4,0.1,"9,116.80",3.5,93.8
120,142,Mexico,MEX,53MHa,27.0,130716.0,633320.0,0.5,0.5,,,,"713,821 ha ",USD 7.0 billion,0.6% of the GDP.,"43 thousand people are directly employed by the forestry sector, according to 2011 FAO data.",,"1,993 million metric tons of carbon stocks",3.4% of GHG emissions,2,Ratification,Non-Annex I Party,Ratification,Ratification,Producing Member,Accession,Contracting Party,Acceptance,Member State,Ratification,Mexico,54.9,1.3,"9,009.30",2.5,115.0
121,143,"Micronesia, Federated States of",FSM,6.3KHa,,,,0.03,0.75,0.22,,,0 ha ,,,,,20 million metric tons of carbon stocks,,3,Ratification,Non-Annex I Party,Ratification,Ratification,Non Member,Non Party,Non Party,Acceptance,Member State,Not Ratified,"Micronesia, Federated States of",31.4,0.4,,,101.6
122,144,Moldova,MDA,353KHa,11.0,189.0,6285.0,1.0,,,,,0 ha ,USD 29.1 million,0.5% of the GDP.,"6 thousand people are directly employed by the forestry sector, according to 2011 FAO data.",,31 million metric tons of carbon stocks,,4,Ratification,Non-Annex I Party,Accession,Accession,Non Member,Accession,Contracting Party,Ratification,Member State,Not Ratified,Moldova,74.8,-0.1,"1,843.20",-0.5,87.8
123,145,Monaco,MCO,,,,,,,,,,,,,,,,,5,,,,,,,,,,,Monaco,,0.3,,,
124,146,Mongolia,MNG,,,,,,,,,,,,,,,,,6,Ratification,Non-Annex I Party,Accession,Ratification,Non Member,Accession,Contracting Party,Acceptance,Member State,Not Ratified,Mongolia,72.9,1.7,"3,973.40",2.3,144.9
125,147,Montenegro,MNE,626.9KHa,,,,0.86,0.13,0.01,,,0 ha ,USD 17.9 million,0.5% of the GDP.,"2 thousand people are directly employed by the forestry sector, according to 2011 FAO data.",0.32 kha/year,56 million metric tons of carbon stocks,4.2% of GHG emissions,7,Succession,Non-Annex I Party,Accession,Accession,Non Member,Succession,Contracting Party,Succession,Member State,Not Ratified,Montenegro,16.6,0.1,"6,415.00",3.4,95.1
126,149,Morocco,MAR,,,,,,,,,,,,,,,,,9,Ratification,Non-Annex I Party,Accession,Ratification,Non Member,Ratification,Contracting Party,Ratification,Member State,Not Ratified,Morocco,68.1,1.3,"2,871.50",4.4,133.6
127,150,Mozambique,MOZ,,,,,,,,,,,,,,,,,10,Ratification,Non-Annex I Party,Accession,Ratification,Producing Member,Accession,Contracting Party,Ratification,Member State,Not Ratified,Mozambique,63.5,2.8,525,6.3,161.7
128,151,Myanmar,MMR,,,,,,,,,,,,,,,,,11,Ratification,Non-Annex I Party,Accession,Accession,Producing Member,Accession,Contracting Party,Acceptance,Member State,Not Ratified,Myanmar,19.3,0.9,"1,203.50",7.0,130.1
129,152,Namibia,NAM,,,,,,,,,,,,,,,,,12,Ratification,Non-Annex I Party,Accession,Ratification,Non Member,Accession,Contracting Party,Acceptance,Member State,Not Ratified,Namibia,47.1,2.3,"4,695.80",5.7,90.8
130,153,Nauru,NRU,,,,,,,,,,,,,,,,,13,,,,,,,,,,,Nauru,20.0,0.5,,,106.0
131,154,Nepal,NPL,,,,,,,,,,,,,,,,,14,Ratification,Non-Annex I Party,Accession,Ratification,Non Member,Accession,Contracting Party,Acceptance,Member State,Ratification,Nepal,28.7,1.2,732.3,3.4,130.4
132,156,Netherlands Antilles,ANT,19KHa,46.0,22.0,248.0,,,,,,,,,,,,,16,,,,,,,,,,,Netherlands Antilles,54.9,0.4,"44,433.40",2.0,113.4
133,157,New Caledonia,NCL,1MHa,77.0,1831.0,5724.0,0.47,0.51,0.02,,,0 ha ,USD 4.7 million,0.05% of the GDP.,,"In 2010, the rate of reforestation was 0 kha/year
                  ",60 million metric tons of carbon stocks,,17,Non Party,Non Party,Non Party,Non Party,Non Member,Non Party,Non Party,Non Party,Non Member State,Not Ratified,New Caledonia,10.1,1.8,,,105.3
134,158,New Zealand,NZL,,,,,,,,,,,,,,,,,18,Ratification,Annex I/II Party,Ratification,Accession,Consuming Member,Accession,Contracting Party,Ratification,Member State,Not Ratified,New Zealand,42.2,1.9,"37,808.00",3.4,109.6
135,159,Nicaragua,NIC,,,,,,,,,,,,,,,,,19,Ratification,Non-Annex I Party,Ratification,Ratification,Non Member,Accession,Contracting Party,Acceptance,Member State,Ratification,Nicaragua,42.1,1.1,"2,086.90",4.9,141.2
136,160,Niger,NER,,,,,,,,,,,,,,,,,0,Ratification,Non-Annex I Party,Ratification,Ratification,Non Member,Ratification,Contracting Party,Acceptance,Member State,Not Ratified,Niger,35.4,4.0,359,3.6,133.8
137,161,Nigeria,NGA,,,,,,,,,,,,,,,,,1,Ratification,Non-Annex I Party,Accession,Ratification,Non Member,Ratification,Contracting Party,Ratification,Member State,Not Ratified,Nigeria,77.7,2.6,"2,640.30",2.7,114.9
138,164,Northern Mariana Islands,MNP,,,,,,,,,,,,,,,,,4,,,,,,,,,,,Northern Mariana Islands,6.5,1.0,,,
139,165,Norway,NOR,,,,,,,,,,,,,,,,,5,Ratification,Annex I/II Party,Ratification,Ratification,Consuming Member,Ratification,Contracting Party,Ratification,Member State,Ratification,Norway,2.7,1.1,"74,734.60",1.6,104.4
140,166,Oman,OMN,,,,,,,,,,,,,,,,,6,,,,,,,,,,,Oman,4.7,5.8,"15,645.10",3.5,123.7
141,167,Pakistan,PAK,979KHa,1.0,38.0,850.0,0.75,,0.25,,,0 ha ,USD 1.3 billion,0.6% of the GDP.,"53 thousand people are directly employed by the forestry sector, according to 2011 FAO data.",,174 million metric tons of carbon stocks,6.3% of GHG emissions,7,Ratification,Non-Annex I Party,Accession,Ratification,Non Member,Accession,Contracting Party,Ratification,Member State,Not Ratified,Pakistan,47.1,2.1,"1,429.00",5.5,93.8
142,168,Palau,PLW,,,,,,,,,,,,,,,,,8,Accession,Non-Annex I Party,Accession,Accession,Non Member,Accession,Contracting Party,Acceptance,Member State,Not Ratified,Palau,10.9,0.9,"13,498.70",9.4,
143,170,Panama,PAN,6MHa,77.0,10557.0,32305.0,0.98,,0.02,,,"43,413 ha ",USD 92.2 million,0.3% of the GDP.,"5 thousand people are directly employed by the forestry sector, according to 2011 FAO data.",,569 million metric tons of carbon stocks,27.5% of GHG emissions,10,Ratification,Non-Annex I Party,Ratification,Ratification,Producing Member,Ratification,Contracting Party,Ratification,Member State,Not Ratified,Panama,30.4,1.6,"13,268.10",5.8,116.7
144,171,Papua New Guinea,PNG,42.4MHa,,,,0.48,0.52,,,,"160,670 ha ",USD 358.3 million,2.8% of the GDP.,"11 thousand people are directly employed by the forestry sector, according to 2011 FAO data.",,"6,110 million metric tons of carbon stocks",86.3% of GHG emissions,11,Ratification,Non-Annex I Party,Ratification,Accession,Producing Member,Accession,Contracting Party,Acceptance,Member State,Not Ratified,Papua New Guinea,2.6,2.1,,,118.2
145,172,Paraguay,PRY,,,,,,,,,,,,,,,,,12,Ratification,Non-Annex I Party,Ratification,Ratification,Non Member,Ratification,Contracting Party,Ratification,Member State,Ratification,Paraguay,54.3,1.3,"4,160.60",3.0,176.2
146,173,Peru,PER,78MHa,61.0,183543.0,191016.0,0.09,0.89,0.02,"198,403 ha",0.95,"954,984 ha ",USD 1.3 billion,0.8% of the GDP.,"61 thousand people are directly employed by the forestry sector, according to 2011 FAO data.",,"8,560 million metric tons of carbon stocks",44.7% of GHG emissions,13,Ratification,Non-Annex I Party,Ratification,Ratification,Producing Member,Ratification,Contracting Party,Ratification,Member State,Ratification,Peru,19.0,1.3,"6,121.90",3.3,146.8
147,174,Philippines,PHL,18.4MHa,,,,0.74,0.11,0.15,,,0 ha ,USD 528.7 million,0.2% of the GDP.,"49 thousand people are directly employed by the forestry sector, according to 2011 FAO data.",97.12 kha/year,676 million metric tons of carbon stocks,,14,Ratification,Non-Annex I Party,Ratification,Ratification,Producing Member,Ratification,Contracting Party,Ratification,Member State,Not Ratified,Philippines,41.7,1.6,"2,899.40",5.8,121.5
148,176,Poland,POL,10MHa,34.0,46340.0,504128.0,,1.0,,,,"14,223,591 ha ",USD 7.1 billion,1.6% of the GDP.,"251 thousand people are directly employed by the forestry sector, according to 2011 FAO data.",48.431 kha/year,823 million metric tons of carbon stocks,,16,Ratification,Annex I/II Party,Ratification,Accession,Consuming Member,Ratification,Contracting Party,Ratification,Member State,Not Ratified,Poland,47.1,0.0,"12,494.50",3.6,107.5
149,177,Portugal,PRT,2MHa,26.0,48714.0,286549.0,0.71,0.01,0.28,,,"575,557 ha ",USD 3.3 billion,1.6% of the GDP.,"63 thousand people are directly employed by the forestry sector, according to 2011 FAO data.",,102 million metric tons of carbon stocks,0.12% of GHG emissions,17,Ratification,Annex I/II Party,Approval,Ratification,Consuming Member,Ratification,Contracting Party,Ratification,Member State,Not Ratified,Portugal,39.8,-0.5,"19,222.90",1.5,104.2
150,178,Puerto Rico,PRI,524KHa,59.0,707.0,6411.0,1.0,,,,,0 ha ,,,,,,25 million metric tons of carbon stocks,18,,,,,,,,,,,Puerto Rico,22.3,-1.7,,,112.0
151,179,Qatar,QAT,,,,,,,,,,,,,,,,,19,,,,,,,,,,,Qatar,5.8,2.9,"74,667.20",3.6,136.7
152,181,Romania,ROU,8MHa,34.0,14444.0,152999.0,0.88,0.04,0.08,,,"2,554,414 ha ",USD 3.1 billion,1.9% of the GDP.,"112 thousand people are directly employed by the forestry sector, according to 2011 FAO data.",23.04 kha/year,616 million metric tons of carbon stocks,,1,Ratification,Annex I/II Party,Ratification,Accession,Consuming Member,Accession,Contracting Party,Acceptance,Member State,Not Ratified,Romania,60.4,-0.4,"8,972.90",3.7,98.3
153,182,Russian Federation,RUS,761MHa,47.0,3302085.0,16229621.0,0.64,0.33,0.03,,,"38,788,728 ha ",USD 13.1 billion,0.8% of the GDP.,"600 thousand people are directly employed by the forestry sector, according to 2011 FAO data.",1018.7 kha/year,"32,800 million metric tons of carbon stocks",,2,Ratification,Annex I Party,Ratification,Accession,Non Member,Continuation,Contracting Party,Ratification,Member State,Not Ratified,Russian Federation,13.2,0.2,"9,057.10",-3.7,122.4
154,183,Rwanda,RWA,497KHa,21.0,2401.0,7096.0,0.11,0.01,0.88,,,0 ha ,USD 147.8 million,2.5% of the GDP.,"2 thousand people are directly employed by the forestry sector, according to 2011 FAO data.",,43 million metric tons of carbon stocks,,3,Ratification,Non-Annex I Party,Accession,Ratification,Non Member,Accession,Contracting Party,Acceptance,Member State,Not Ratified,Rwanda,74.7,2.3,697.3,6.9,172.8
155,187,Saint Lucia,LCA,51KHa,84.0,40.0,36.0,,0.84,0.16,,,0 ha ,,,,,,,7,,,,,,,,,,,Saint Lucia,17.4,0.7,"7,764.30",1.8,71.0
156,188,Saint-Martin (French part),MAF,2KHa,38.0,1.0,35.0,1.0,,,,,0 ha ,,,,,,,8,,,,,,,,,,,Saint-Martin (French part),,0.7,,,
157,190,Saint Vincent and Grenadines,VCT,29KHa,75.0,10.0,20.0,1.0,,,,,0 ha ,,,,,,,10,,,,,,,,,,,Saint Vincent and Grenadines,25.6,0.1,"6,864.20",1.5,105.3
158,191,Samoa,WSM,0Ha,0.0,0.0,0.0,0.81,,0.19,,,0 ha ,USD 1.8 million,0.3% of the GDP.,,,,,11,Ratification,Non-Annex I Party,Ratification,Accession,Non Member,Accession,Contracting Party,Acceptance,Member State,Not Ratified,Samoa,12.4,0.7,"3,938.50",1.6,110.3
159,192,San Marino,SMR,829Ha,14.0,0.0,20.0,,,,,,0 ha ,,,,0 kha/year,,,12,,,,,,,,,,,San Marino,16.7,0.6,,,
160,193,Sao Tome and Principe,STP,14KHa,89.0,0.0,14.0,0.5,0.5,,,,0 ha ,,,,0 kha/year,This country has 8 million metric tons of carbon stocks in living forest biomass.,,13,,,,,,,,,,,Sao Tome and Principe,50.7,2.1,,,113.1
161,194,Saudi Arabia,SAU,6Ha,4.0,0.0,0.0,0.63,0.37,,,,0 ha ,USD 2.7 billion,0.4% of the GDP.,"38 thousand people are directly employed by the forestry sector, according to 2011 FAO data.",,6 million metric tons of carbon stocks,,14,Accession,Non-Annex I Party,Accession,Accession,Non Member,Accession,Non Party,Acceptance,Member State,Not Ratified,Saudi Arabia,80.6,2.1,"20,481.70",3.5,107.9
162,195,Senegal,SEN,40KHa,0.0,293.0,214.0,0.75,0.18,0.07,,,0 ha ,USD 161.5 million,1.3% of the GDP.,"14 thousand people are directly employed by the forestry sector, according to 2011 FAO data.",19.061 kha/year,348 million metric tons of carbon stocks,23.0% of GHG emissions,15,Ratification,Non-Annex I Party,Accession,Ratification,Non Member,Accession,Contracting Party,Ratification,Member State,Not Ratified,Senegal,46.3,3.1,910.8,6.5,128.1
163,196,Serbia,SRB,3MHa,35.0,2843.0,35578.0,0.92,,0.08,,,"1,018,418 ha ",USD 400.6 million,1.1% of the GDP.,"36 thousand people are directly employed by the forestry sector, according to 2011 FAO data.",0.2 kha/year,237 million metric tons of carbon stocks,,16,Ratification,Non-Annex I Party,Accession,Accession,Non Member,Continuation,Contracting Party,Succession,Member State,Not Ratified,Serbia,58.0,-0.5,"5,143.90",0.7,108.4
164,197,Seychelles,SYC,6KHa,36.0,2.0,0.0,0.83,0.05,0.12,,,0 ha ,USD 0.4 million,0.04% of the GDP.,,,This country has 4 million metric tons of carbon stocks in living forest biomass.,,17,Ratification,Non-Annex I Party,Ratification,Ratification,Non Member,Accession,Contracting Party,Acceptance,Member State,Not Ratified,Seychelles,3.3,1.6,"15,476.00",3.5,114.0
165,198,Sierra Leone,SLE,6MHa,78.0,113303.0,45132.0,0.96,0.03,0.01,,,0 ha ,USD 225.1 million,7.9% of the GDP.,"1 thousand people are directly employed by the forestry sector, according to 2011 FAO data.",0.343 kha/year,208 million metric tons of carbon stocks,50.1% of GHG emissions,18,Accession,Non-Annex I Party,Accession,Ratification,Non Member,Accession,Contracting Party,Ratification,Member State,Not Ratified,Sierra Leone,54.7,2.2,693.4,-20.3,172.2
166,199,Singapore,SGP,19KHa,29.0,39.0,1254.0,0.99,0.01,,,,0 ha ,,,,,,0.01% of GHG emissions,19,,,,,,,,,,,Singapore,0.9,1.2,"52,888.70",2.0,112.0
167,200,Slovakia,SVK,2MHa,49.0,12763.0,52294.0,0.49,0.01,0.5,,,"1,389,620 ha ",USD 2.0 billion,2.4% of the GDP.,"62 thousand people are directly employed by the forestry sector, according to 2011 FAO data.",16.43 kha/year,218 million metric tons of carbon stocks,,0,Approval,Annex I Party,Ratification,Accession,Consuming Member,Succession,Contracting Party,Succession,Member State,Not Ratified,Slovakia,40.1,0.1,"15,962.60",3.6,87.0
168,201,Slovenia,SVN,1MHa,65.0,3394.0,3499.0,0.93,0.04,0.03,,,"259,649 ha ",USD 788.1 million,1.8% of the GDP.,"25 thousand people are directly employed by the forestry sector, according to 2011 FAO data.",0.278 kha/year,141 million metric tons of carbon stocks,,1,Ratification,Annex I Party,Ratification,Accession,Consuming Member,Accession,Contracting Party,Succession,Member State,Not Ratified,Slovenia,23.7,0.1,"20,713.10",2.9,83.1
169,202,Solomon Islands,SLB,3MHa,98.0,11694.0,20261.0,0.48,0.51,0.01,,,"64,943 ha ",USD 99.3 million,11.5% of the GDP.,"9 thousand people are directly employed by the forestry sector, according to 2011 FAO data.",,179 million metric tons of carbon stocks,73.1% of GHG emissions,2,Ratification,Non-Annex I Party,Ratification,Accession,Non Member,Accession,Non Party,Accession,Member State,Not Ratified,Solomon Islands,3.9,2.0,"1,982.30",3.3,117.9
170,203,Somalia,SOM,87KHa,0.0,103.0,280.0,1.0,,,,,0 ha ,USD 24.5 million,2.6% of the GDP.,"1 thousand people are directly employed by the forestry sector, according to 2011 FAO data.",,376 million metric tons of carbon stocks,,3,Accession,Non-Annex I Party,Ratification,Accession,Non Member,Accession,Non Party,Non Party,Member State,Not Ratified,Somalia,70.3,2.5,551.9,,117.2
171,204,South Africa,ZAF,6MHa,5.0,58902.0,831386.0,0.71,0.1,0.19,,,"1,478,588 ha ",USD 3.7 billion,1.0% of the GDP.,"147 thousand people are directly employed by the forestry sector, according to 2011 FAO data.",50.591 kha/year,807 million metric tons of carbon stocks,0.25% of GHG emissions,4,Ratification,Non-Annex I Party,Accession,Ratification,Non Member,Ratification,Contracting Party,Ratification,Member State,Not Ratified,South Africa,79.8,1.6,"5,691.70",1.3,122.3
172,206,South Sudan,SSD,16.8MHa,,,,,,,,,0 ha ,USD 395.4 million,0.7% of the GDP.,"23 thousand people are directly employed by the forestry sector, according to 2011 FAO data.",,,,6,Non-Party,Non-Annex I Party,Non-Party,Non Party,Non Member,Non Party,Non Party,Non Party,Member State,Not Ratified,South Sudan,,3.5,730.6,-6.3,
173,207,Spain,ESP,11MHa,22.0,58671.0,448304.0,0.84,,0.16,,,"1,812,053 ha ",USD 9.6 billion,0.7% of the GDP.,"162 thousand people are directly employed by the forestry sector, according to 2011 FAO data.",8.86 kha/year,610 million metric tons of carbon stocks,,7,Ratification,Annex I/II Party,Ratification,Ratification,Consuming Member,Accession,Contracting Party,Acceptance,Member State,Ratification,Spain,53.9,-0.1,"25,831.60",3.2,108.8
174,208,Sri Lanka,LKA,3.9MHa,,,,0.82,0.08,0.1,,,"37,184 ha ",,,,0 kha/year,This country has 72 million metric tons of carbon stocks in living forest biomass.,14.7% of GHG emissions,8,Ratification,Non-Annex I Party,Accession,Accession,Non Member,Accession,Contracting Party,Acceptance,Member State,Not Ratified,Sri Lanka,43.7,0.9,"3,926.20",4.8,141.5
175,209,Sudan,SDN,247.0KHa,,,,0.61,0.07,0.32,,,0 ha ,USD 117.2 million,0.2% of the GDP.,"5 thousand people are directly employed by the forestry sector, according to 2011 FAO data.",5940 kha/year,153 million metric tons of carbon stocks,16.2% of GHG emissions,9,Ratification,Non-Annex I Party,Accession,Ratification,Non Member,Ratification,Contracting Party,Ratification,Member State,Not Ratified,Sudan,45.8,2.2,"2,089.40",3.4,115.4
176,210,Suriname *,SUR,14MHa,97.0,12699.0,7026.0,0.08,0.91,0.01,,,"113,769 ha ",USD 79.3 million,2.0% of the GDP.,"9 thousand people are directly employed by the forestry sector, according to 2011 FAO data.",,"1,931 million metric tons of carbon stocks",58.3% of GHG emissions,10,Ratification,Non-Annex I Party,Accession,Accession,Non Member,Accession,Contracting Party,Acceptance,Member State,Not Ratified,Suriname *,0.5,0.9,"8,983.60",1.5,154.5
177,212,Swaziland,SWZ,467KHa,27.0,3923.0,60297.0,0.77,,0.23,,,"111,777 ha ",USD 64.5 million,2.0% of the GDP.,"6 thousand people are directly employed by the forestry sector, according to 2011 FAO data.",,22 million metric tons of carbon stocks,6.0% of GHG emissions,12,Ratification,Non-Annex I Party,Accession,Ratification,Non Member,Accession,Non Party,Ratification,Member State,Not Ratified,Swaziland,71.0,1.4,"3,154.80",1.7,112.5
178,213,Sweden,SWE,28MHa,67.0,200260.0,1528094.0,0.42,0.09,0.49,,,"21,884,807 ha ",USD 13.0 billion,3.0% of the GDP.,"100 thousand people are directly employed by the forestry sector, according to 2011 FAO data.",172.4 kha/year,"1,114 million metric tons of carbon stocks",,13,Ratification,Annex I/II Party,Ratification,Ratification,Consuming Member,Ratification,Contracting Party,Ratification,Member State,Not Ratified,Sweden,7.5,1.1,"50,272.90",4.1,93.4
179,214,Switzerland,CHE,2MHa,39.0,833.0,10326.0,0.83,0.03,0.14,,,"766,532 ha ",USD 5.2 billion,0.8% of the GDP.,"48 thousand people are directly employed by the forestry sector, according to 2011 FAO data.",,152 million metric tons of carbon stocks,,14,Ratification,Annex I/II Party,Ratification,Ratification,Consuming Member,Ratification,Contracting Party,Ratification,Member State,Not Ratified,Switzerland,38.6,1.2,"80,214.70",0.9,101.1
180,215,Syrian Arab Republic (Syria),SYR,106KHa,1.0,626.0,1573.0,0.4,,0.6,,,0 ha ,USD 252.7 million,0.4% of the GDP.,"30 thousand people are directly employed by the forestry sector, according to 2011 FAO data.",,,,15,Ratification,Non-Annex I Party,Accession,Ratification,Non Member,Accession,Contracting Party,Acceptance,Member State,Not Ratified,Syrian Arab Republic (Syria),75.8,-1.4,,,82.4
181,217,Tajikistan,TJK,60KHa,0.0,0.0,142.0,0.03,0.72,0.25,,,0 ha ,USD 5.2 million,0.09% of the GDP.,"2 thousand people are directly employed by the forestry sector, according to 2011 FAO data.",0.5 kha/year,3 million metric tons of carbon stocks,,17,Accession,Non-Annex I Party,Accession,Accession,Non Member,Non Party,Contracting Party,Succession,Member State,Not Ratified,Tajikistan,34.8,2.2,925.9,4.2,155.7
182,218,"Tanzania *, United Republic of",TZA,26MHa,30.0,161898.0,304101.0,0.99,,0.01,,,"131,975 ha ",USD 612.9 million,2.7% of the GDP.,"7 thousand people are directly employed by the forestry sector, according to 2011 FAO data.",27 kha/year,"5,438 million metric tons of carbon stocks",59.1% of GHG emissions,18,Ratification,Non-Annex I Party,Accession,Ratification,Non Member,Ratification,Contracting Party,Ratification,Member State,Not Ratified,"Tanzania *, United Republic of",44.8,3.1,864.9,7.0,154.3
183,219,Thailand,THA,20MHa,39.0,102205.0,499182.0,0.35,0.41,0.24,,,"25,698 ha ",USD 3.2 billion,0.9% of the GDP.,"235 thousand people are directly employed by the forestry sector, according to 2011 FAO data.",0 kha/year,863 million metric tons of carbon stocks,,19,Non-Party,Non-Annex I Party,Ratification,Accession,Non Member,Ratification,Contracting Party,Acceptance,Member State,Not Ratified,Thailand,43.3,0.3,"5,816.40",2.8,128.5
184,220,Timor-Leste,TLS,726KHa,49.0,1417.0,6124.0,0.94,,0.06,,,0 ha ,USD 4.3 million,0.07% of the GDP.,,"
                    In 2010, the rate of reforestation was 0.104 kha/year
                  ",,,0,Accession,Non-Annex I Party,Accession,Accession,Non Member,Non Party,Non Party,Non Party,Member State,Not Ratified,Timor-Leste,25.6,2.7,"1,134.40",4.3,120.9
185,221,Togo,TGO,559KHa,10.0,1992.0,2360.0,0.76,,0.24,,,0 ha ,USD 52.6 million,1.6% of the GDP.,"1 thousand people are directly employed by the forestry sector, according to 2011 FAO data.",1 kha/year,,,1,Acceptance,Non-Annex I Party,Accession,Ratification,Producing Member,Ratification,Contracting Party,Acceptance,Member State,Not Ratified,Togo,70.2,2.6,548,5.5,124.6
186,223,Tonga,TON,,,,,,,,,,,,,,,,,3,,,,,,,,,,,Tonga,43.1,0.6,,,132.3
187,224,Trinidad and Tobago,TTO,392KHa,76.0,1348.0,1600.0,0.69,0.27,0.04,,,0 ha ,USD 86.9 million,0.4% of the GDP.,"4 thousand people are directly employed by the forestry sector, according to 2011 FAO data.",,19 million metric tons of carbon stocks,0.81% of GHG emissions,4,Ratification,Non-Annex I Party,Ratification,Accession,Producing Member,Accession,Contracting Party,Ratification,Member State,Not Ratified,Trinidad and Tobago,10.5,0.4,"20,444.10",1.0,96.4
188,225,Tunisia,TUN,224KHa,1.0,1806.0,11495.0,0.3,,0.7,,,0 ha ,USD 336.6 million,0.8% of the GDP.,"23 thousand people are directly employed by the forestry sector, according to 2011 FAO data.",1.4 kha/year,9 million metric tons of carbon stocks,,5,Ratification,Non-Annex I Party,Accession,Ratification,Non Member,Ratification,Contracting Party,Ratification,Member State,Not Ratified,Tunisia,64.0,1.0,"3,872.50",0.8,118.8
189,226,Turkey,TUR,10MHa,13.0,17808.0,178374.0,0.63,0.08,0.29,,,"2,346,799 ha ",USD 5.6 billion,0.8% of the GDP.,"152 thousand people are directly employed by the forestry sector, according to 2011 FAO data.",45.24 kha/year,808 million metric tons of carbon stocks,,6,Ratification,Annex I Party,Accession,Ratification,Non Member,Accession,Contracting Party,Ratification,Member State,Not Ratified,Turkey,49.9,1.5,"9,130.00",4.0,129.8
190,227,Turkmenistan,TKM,10KHa,0.0,0.0,278.0,0.97,0.03,,,,0 ha ,USD 1.1 million,0.00% of the GDP.,"9 thousand people are directly employed by the forestry sector, according to 2011 FAO data.",,12 million metric tons of carbon stocks,,7,Accession,Non-Annex I Party,Ratification,Ratification,Non Member,Non Party,Contracting Party,Succession,Member State,Not Ratified,Turkmenistan,72.0,1.2,"6,947.80",6.5,124.4
191,228,Turks and Caicos Islands,TCA,,,,,,,,,,,,,,,,,8,,,,,,,,,,,Turks and Caicos Islands,1.1,1.8,,,
192,229,Tuvalu,TUV,,,,,,,,,,,,,,,,,9,,,,,,,,,,,Tuvalu,60.0,0.2,,,107.8
193,230,Uganda,UGA,8MHa,38.0,38738.0,68454.0,0.97,,0.03,,,"40,072 ha ",USD 589.9 million,3.4% of the GDP.,"12 thousand people are directly employed by the forestry sector, according to 2011 FAO data.",,76 million metric tons of carbon stocks,37.6% of GHG emissions,10,Ratification,Non-Annex I Party,Accession,Accession,Non Member,Accession,Contracting Party,Acceptance,Member State,Not Ratified,Uganda,71.9,3.3,675.6,5.0,112.5
194,231,Ukraine,UKR,11.1MHa,,,,0.49,0.01,0.5,,,"1,439,047 ha ",USD 1.5 billion,1.0% of the GDP.,"142 thousand people are directly employed by the forestry sector, according to 2011 FAO data.",39.2 kha/year,783 million metric tons of carbon stocks,,11,Ratification,Annex I Party,Ratification,Accession,Non Member,Accession,Contracting Party,Ratification,Member State,Not Ratified,Ukraine,71.2,-0.4,"2,115.00",-9.9,138.4
195,232,United Arab Emirates,ARE,0Ha,0.0,0.0,0.0,,,1.0,,,0 ha ,USD 479.8 million,0.1% of the GDP.,"7 thousand people are directly employed by the forestry sector, according to 2011 FAO data.",,16 million metric tons of carbon stocks,,12,Ratification,Non-Annex I Party,Accession,Accession,Non Member,Accession,Contracting Party,Accession,Member State,Not Ratified,United Arab Emirates,4.6,0.8,"40,438.40",3.2,68.2
196,233,United Kingdom,GBR,3.6MHa,,,,0.23,,0.77,,,"2,949,464 ha ",USD 9.5 billion,0.4% of the GDP.,"134 thousand people are directly employed by the forestry sector, according to 2011 FAO data.",14 kha/year,237 million metric tons of carbon stocks,,13,Ratification,Annex I/II Party,Ratification,Ratification,Consuming Member,Ratification,Contracting Party,Ratification,Member State,Not Ratified,United Kingdom,71.3,0.8,"43,734.00",2.3,100.2
197,234,United States of America,USA,279MHa,30.0,1479837.0,13807357.0,0.67,0.24,0.09,,,"49,000,770 ha ",USD 95.0 billion,0.6% of the GDP.,"827 thousand people are directly employed by the forestry sector, according to 2011 FAO data.",2900 kha/year,"17,330 million metric tons of carbon stocks",,14,Non-Party,Annex I/II Party,Signature,Ratification,Consuming Member,Ratification,Contracting Party,Ratification,Member State,Not Ratified,United States of America,44.3,0.8,"55,836.80",2.4,113.2
198,236,Uruguay,URY,2MHa,10.0,23180.0,498518.0,0.25,0.17,0.58,,,"925,084 ha ",USD 730.1 million,1.8% of the GDP.,"17 thousand people are directly employed by the forestry sector, according to 2011 FAO data.",,,,16,Ratification,Non-Annex I Party,Ratification,Accession,Non Member,Ratification,Contracting Party,Acceptance,Member State,Not Ratified,Uruguay,82.1,0.4,"15,573.90",1.0,130.1
199,237,Uzbekistan,UZB,106KHa,0.0,82.0,520.0,0.73,0.02,0.25,,,0 ha ,USD 13.8 million,0.03% of the GDP.,"7 thousand people are directly employed by the forestry sector, according to 2011 FAO data.",12 kha/year,42 million metric tons of carbon stocks,,17,Accession,Non-Annex I Party,Ratification,Ratification,Non Member,Accession,Contracting Party,Succession,Member State,Not Ratified,Uzbekistan,62.9,1.7,"2,132.10",8.0,163.3
200,238,Vanuatu,VUT,1MHa,98.0,578.0,1370.0,,,,,,0 ha ,USD 10.7 million,1.6% of the GDP.,"1 thousand people are directly employed by the forestry sector, according to 2011 FAO data.",,,,18,Ratification,Non-Annex I Party,Accession,Ratification,Non Member,Accession,Non Party,Ratification,Member State,Not Ratified,Vanuatu,15.3,2.2,,,138.0
201,239,Venezuela (Bolivarian Republic of),VEN,57MHa,63.0,80245.0,191091.0,0.01,0.98,0.01,,,0 ha ,USD 1.4 billion,0.5% of the GDP.,"56 thousand people are directly employed by the forestry sector, according to 2011 FAO data.",4.215 kha/year,,28.4% of GHG emissions,19,Ratification,Non-Annex I Party,Accession,Accession,Non Member,Ratification,Contracting Party,Acceptance,Member State,Ratification,Venezuela (Bolivarian Republic of),24.5,1.3,,-5.7,131.2
202,240,Viet Nam,VNM,17MHa,51.0,163922.0,564188.0,0.75,0.01,0.24,,,"136,706 ha ",USD 2.4 billion,1.7% of the GDP.,"251 thousand people are directly employed by the forestry sector, according to 2011 FAO data.",37 kha/year,"1,025 million metric tons of carbon stocks",,0,Ratification,Non-Annex I Party,Ratification,Accession,Non Member,Accession,Contracting Party,Acceptance,Member State,Not Ratified,Viet Nam,35.1,1.1,"2,111.10",6.7,133.7
203,244,Yemen,YEM,126Ha,0.0,0.0,4.0,1.0,,,,,0 ha ,USD 141.0 million,0.5% of the GDP.,"19 thousand people are directly employed by the forestry sector, according to 2011 FAO data.",,5 million metric tons of carbon stocks,,4,Ratification,Non-Annex I Party,Accession,Accession,Non Member,Accession,Contracting Party,Ratification,Member State,Not Ratified,Yemen,44.6,2.4,,,138.4
204,245,Zambia,ZMB,24MHa,33.0,93579.0,18097.0,1.0,,,,,0 ha ,USD 1.2 billion,6.2% of the GDP.,"5 thousand people are directly employed by the forestry sector, according to 2011 FAO data.",1.5 kha/year,"2,375 million metric tons of carbon stocks",61.3% of GHG emissions,5,Ratification,Non-Annex I Party,Ratification,Ratification,Non Member,Accession,Contracting Party,Ratification,Member State,Not Ratified,Zambia,31.9,3.1,"1,307.80",3.2,184.4
205,246,Zimbabwe,ZWE,1MHa,4.0,8188.0,48566.0,0.94,0.06,,,,0 ha ,USD 266.5 million,3.4% of the GDP.,"9 thousand people are directly employed by the forestry sector, according to 2011 FAO data.",6 kha/year,442 million metric tons of carbon stocks,59.9% of GHG emissions,6,Ratification,Non-Annex I Party,Accession,Ratification,Non Member,Accession,Non Party,Ratification,Member State,Not Ratified,Zimbabwe,41.9,2.3,,1.1,98.0
